prefecture,city_name,percent
hokkaido,札幌市中央区,1.04
hokkaido,釧路郡,0.70
hokkaido,札幌市北区,0.55
hokkaido,上川郡下川町,0.54
hokkaido,千歳市,0.53
hokkaido,札幌市豊平区,0.47
hokkaido,苫小牧市,0.46
hokkaido,勇払郡,0.46
hokkaido,札幌市東区,0.44
hokkaido,恵庭市,0.43
hokkaido,虻田郡留寿都村,0.42
hokkaido,札幌市白石区,0.41
hokkaido,旭川市,0.40
hokkaido,函館市,0.39
hokkaido,上川郡愛別町,0.38
hokkaido,札幌市西区,0.37
hokkaido,江別市,0.37
hokkaido,石狩市,0.37
hokkaido,札幌市厚別区,0.36
hokkaido,雨竜郡,0.36
hokkaido,三笠市,0.35
hokkaido,余市郡赤井川村,0.34
hokkaido,空知郡南富良野町,0.34
hokkaido,雨竜郡沼田町,0.34
hokkaido,帯広市,0.33
hokkaido,石狩郡当別町,0.33
hokkaido,天塩郡,0.33
hokkaido,雨竜郡雨竜町,0.33
hokkaido,滝川市,0.32
hokkaido,美唄市,0.32
hokkaido,寿都郡黒松内町,0.32
hokkaido,余市郡仁木町,0.31
hokkaido,夕張郡栗山町,0.31
hokkaido,札幌市手稲区,0.30
hokkaido,札幌市清田区,0.30
hokkaido,虻田郡倶知安町,0.30
hokkaido,釧路市,0.29
hokkaido,小樽市,0.29
hokkaido,稚内市,0.29
hokkaido,上磯郡木古内町,0.29
hokkaido,札幌市南区,0.28
hokkaido,網走市,0.28
hokkaido,余市郡余市町,0.28
hokkaido,北斗市,0.28
hokkaido,深川市,0.27
hokkaido,北見市,0.26
hokkaido,室蘭市,0.26
hokkaido,根室市,0.26
hokkaido,川上郡弟子屈町,0.26
hokkaido,日高郡,0.26
hokkaido,砂川市,0.26
hokkaido,岩内郡岩内町,0.26
hokkaido,増毛郡,0.26
hokkaido,勇払郡むかわ町,0.26
hokkaido,北広島市,0.25
hokkaido,岩見沢市,0.25
hokkaido,河東郡音更町,0.25
hokkaido,斜里郡斜里町,0.25
hokkaido,空知郡上砂川町,0.25
hokkaido,檜山郡厚沢部町,0.25
hokkaido,天塩郡,0.25
hokkaido,苫前郡苫前町,0.24
hokkaido,登別市,0.23
hokkaido,紋別市,0.23
hokkaido,留萌市,0.23
hokkaido,雨竜郡北竜町,0.23
hokkaido,檜山郡江差町,0.23
hokkaido,樺戸郡浦臼町,0.23
hokkaido,標津郡中標津町,0.22
hokkaido,磯谷郡,0.22
hokkaido,白老郡,0.22
hokkaido,島牧郡,0.22
hokkaido,古平郡,0.22
hokkaido,上川郡美瑛町,0.21
hokkaido,中川郡幕別町,0.21
hokkaido,中川郡本別町,0.21
hokkaido,赤平市,0.21
hokkaido,二海郡,0.21
hokkaido,芦別市,0.21
hokkaido,寿都郡寿都町,0.21
hokkaido,網走郡,0.21
hokkaido,上川郡比布町,0.20
hokkaido,虻田郡ニセコ町,0.20
hokkaido,石狩郡新篠津村,0.20
hokkaido,伊達市,0.20
hokkaido,夕張郡長沼町,0.20
hokkaido,夕張市,0.20
hokkaido,沙流郡日高町,0.20
hokkaido,広尾郡広尾町,0.20
hokkaido,紋別郡遠軽町,0.20
hokkaido,名寄市,0.19
hokkaido,沙流郡平取町,0.19
hokkaido,目梨郡,0.19
hokkaido,岩内郡共和町,0.19
hokkaido,樺戸郡新十津川町,0.19
hokkaido,苫前郡初山別村,0.19
hokkaido,亀田郡,0.18
hokkaido,茅部郡森町,0.18
hokkaido,常呂郡置戸町,0.18
hokkaido,士別市,0.18
hokkaido,山越郡,0.18
hokkaido,勇払郡,0.18
hokkaido,十勝郡,0.18
hokkaido,浦河郡,0.18
hokkaido,上川郡鷹栖町,0.17
hokkaido,上川郡上川町,0.17
hokkaido,網走郡美幌町,0.17
hokkaido,雨竜郡秩父別町,0.17
hokkaido,足寄郡足寄町,0.17
hokkaido,富良野市,0.16
hokkaido,上川郡東川町,0.16
hokkaido,河西郡更別村,0.16
hokkaido,積丹郡,0.16
hokkaido,天塩郡遠別町,0.16
hokkaido,川上郡標茶町,0.15
hokkaido,河西郡中札内村,0.15
hokkaido,厚岸郡浜中町,0.15
hokkaido,虻田郡,0.15
hokkaido,空知郡上富良野町,0.15
hokkaido,上川郡当麻町,0.14
hokkaido,虻田郡喜茂別町,0.14
hokkaido,中川郡美深町,0.14
hokkaido,松前郡松前町,0.14
hokkaido,空知郡南幌町,0.14
hokkaido,空知郡奈井江町,0.14
hokkaido,上磯郡知内町,0.14
hokkaido,苫前郡羽幌町,0.14
hokkaido,天塩郡天塩町,0.14
hokkaido,勇払郡安平町,0.14
hokkaido,上川郡和寒町,0.13
hokkaido,中川郡中川町,0.13
hokkaido,斜里郡清里町,0.13
hokkaido,新冠郡,0.13
hokkaido,留萌郡,0.13
hokkaido,足寄郡陸別町,0.13
hokkaido,上川郡東神楽町,0.12
hokkaido,夕張郡由仁町,0.12
hokkaido,河西郡芽室町,0.12
hokkaido,白糠郡,0.12
hokkaido,上川郡新得町,0.12
hokkaido,野付郡,0.12
hokkaido,阿寒郡,0.12
hokkaido,利尻郡利尻富士町,0.12
hokkaido,紋別郡雄武町,0.12
hokkaido,枝幸郡枝幸町,0.12
hokkaido,様似郡,0.12
hokkaido,中川郡池田町,0.11
hokkaido,茅部郡鹿部町,0.11
hokkaido,上川郡清水町,0.11
hokkaido,紋別郡興部町,0.11
hokkaido,虻田郡真狩村,0.10
hokkaido,常呂郡佐呂間町,0.10
hokkaido,厚岸郡厚岸町,0.10
hokkaido,紋別郡湧別町,0.10
hokkaido,河東郡士幌町,0.09
hokkaido,久遠郡,0.09
hokkaido,河東郡鹿追町,0.08
hokkaido,空知郡中富良野町,0.08
hokkaido,松前郡福島町,0.08
hokkaido,礼文郡,0.08
hokkaido,樺戸郡月形町,0.08
hokkaido,紋別郡滝上町,0.08
hokkaido,奥尻郡,0.08
hokkaido,宗谷郡,0.08
hokkaido,上川郡剣淵町,0.07
hokkaido,網走郡津別町,0.07
hokkaido,雨竜郡妹背牛町,0.07
hokkaido,広尾郡大樹町,0.07
hokkaido,檜山郡上ノ国町,0.07
hokkaido,有珠郡,0.07
hokkaido,標津郡標津町,0.06
hokkaido,河東郡上士幌町,0.06
hokkaido,斜里郡小清水町,0.06
hokkaido,常呂郡訓子府町,0.06
hokkaido,瀬棚郡,0.06
hokkaido,古宇郡泊村,0.06
hokkaido,枝幸郡浜頓別町,0.06
hokkaido,枝幸郡中頓別町,0.06
hokkaido,利尻郡利尻町,0.05
hokkaido,虻田郡京極町,0.03
hokkaido,中川郡豊頃町,0.03
hokkaido,歌志内市,0.03
hokkaido,爾志郡,0.03
hokkaido,幌泉郡,0.02
aomori,五所川原市,0.36
aomori,上北郡野辺地町,0.35
aomori,東津軽郡蓬田村,0.35
aomori,弘前市,0.33
aomori,青森市,0.32
aomori,下北郡大間町,0.32
aomori,三沢市,0.31
aomori,下北郡風間浦村,0.31
aomori,東津軽郡今別町,0.30
aomori,八戸市,0.28
aomori,東津軽郡平内町,0.28
aomori,黒石市,0.27
aomori,三戸郡階上町,0.27
aomori,十和田市,0.26
aomori,三戸郡三戸町,0.26
aomori,上北郡六ヶ所村,0.25
aomori,上北郡おいらせ町,0.23
aomori,西津軽郡深浦町,0.23
aomori,下北郡佐井村,0.22
aomori,上北郡七戸町,0.21
aomori,むつ市,0.21
aomori,三戸郡五戸町,0.21
aomori,つがる市,0.21
aomori,東津軽郡外ヶ浜町,0.20
aomori,上北郡東北町,0.19
aomori,平川市,0.18
aomori,北津軽郡板柳町,0.18
aomori,西津軽郡鰺ヶ沢町,0.18
aomori,南津軽郡藤崎町,0.16
aomori,南津軽郡大鰐町,0.16
aomori,北津軽郡鶴田町,0.15
aomori,上北郡六戸町,0.14
aomori,三戸郡南部町,0.14
aomori,北津軽郡中泊町,0.13
aomori,下北郡東通村,0.10
aomori,上北郡横浜町,0.09
aomori,三戸郡新郷村,0.09
aomori,南津軽郡田舎館村,0.07
aomori,三戸郡田子町,0.04
iwate,北上市,0.30
iwate,盛岡市,0.29
iwate,花巻市,0.26
iwate,一関市,0.25
iwate,西磐井郡,0.23
iwate,二戸市,0.20
iwate,九戸郡九戸村,0.20
iwate,釜石市,0.20
iwate,下閉伊郡山田町,0.20
iwate,八幡平市,0.20
iwate,胆沢郡,0.20
iwate,奥州市,0.19
iwate,久慈市,0.18
iwate,岩手郡岩手町,0.17
iwate,二戸郡,0.17
iwate,宮古市,0.16
iwate,紫波郡紫波町,0.16
iwate,紫波郡矢巾町,0.16
iwate,大船渡市,0.16
iwate,岩手郡雫石町,0.15
iwate,遠野市,0.14
iwate,九戸郡洋野町,0.14
iwate,下閉伊郡岩泉町,0.13
iwate,九戸郡軽米町,0.11
iwate,滝沢市,0.10
iwate,陸前高田市,0.10
iwate,下閉伊郡田野畑村,0.10
iwate,九戸郡野田村,0.08
iwate,下閉伊郡普代村,0.08
iwate,和賀郡,0.08
iwate,上閉伊郡,0.07
iwate,岩手郡葛巻町,0.05
miyagi,仙台市青葉区,0.65
miyagi,黒川郡大衡村,0.58
miyagi,白石市,0.53
miyagi,刈田郡蔵王町,0.53
miyagi,仙台市若林区,0.50
miyagi,石巻市,0.50
miyagi,仙台市宮城野区,0.49
miyagi,柴田郡大河原町,0.48
miyagi,宮城郡利府町,0.46
miyagi,遠田郡涌谷町,0.46
miyagi,黒川郡大和町,0.44
miyagi,柴田郡柴田町,0.44
miyagi,名取市,0.43
miyagi,多賀城市,0.41
miyagi,黒川郡大郷町,0.40
miyagi,角田市,0.40
miyagi,仙台市太白区,0.38
miyagi,岩沼市,0.38
miyagi,伊具郡,0.38
miyagi,亘理郡亘理町,0.37
miyagi,亘理郡山元町,0.36
miyagi,東松島市,0.36
miyagi,柴田郡村田町,0.35
miyagi,大崎市,0.34
miyagi,塩竈市,0.34
miyagi,宮城郡松島町,0.34
miyagi,登米市,0.32
miyagi,仙台市泉区,0.31
miyagi,加美郡加美町,0.31
miyagi,牡鹿郡,0.31
miyagi,遠田郡美里町,0.30
miyagi,加美郡色麻町,0.30
miyagi,柴田郡川崎町,0.29
miyagi,栗原市,0.28
miyagi,本吉郡,0.26
miyagi,気仙沼市,0.25
miyagi,富谷市,0.23
miyagi,宮城郡七ヶ浜町,0.18
miyagi,刈田郡七ヶ宿町,0.16
akita,雄勝郡東成瀬村,0.33
akita,能代市,0.28
akita,湯沢市,0.25
akita,横手市,0.23
akita,北秋田市,0.23
akita,秋田市,0.22
akita,大館市,0.19
akita,北秋田郡,0.19
akita,由利本荘市,0.18
akita,男鹿市,0.16
akita,山本郡三種町,0.16
akita,潟上市,0.15
akita,南秋田郡五城目町,0.15
akita,仙北市,0.14
akita,大仙市,0.13
akita,にかほ市,0.13
akita,鹿角郡,0.13
akita,鹿角市,0.11
akita,南秋田郡大潟村,0.10
akita,仙北郡,0.09
akita,山本郡八峰町,0.08
akita,雄勝郡羽後町,0.07
akita,南秋田郡八郎潟町,0.05
akita,南秋田郡井川町,0.04
yamagata,山形市,0.39
yamagata,新庄市,0.37
yamagata,東田川郡三川町,0.36
yamagata,米沢市,0.33
yamagata,天童市,0.32
yamagata,東村山郡中山町,0.28
yamagata,東根市,0.26
yamagata,南陽市,0.26
yamagata,村山市,0.25
yamagata,西置賜郡小国町,0.25
yamagata,酒田市,0.24
yamagata,上山市,0.24
yamagata,西村山郡河北町,0.24
yamagata,最上郡金山町,0.24
yamagata,寒河江市,0.23
yamagata,最上郡鮭川村,0.21
yamagata,東村山郡山辺町,0.20
yamagata,東置賜郡川西町,0.19
yamagata,最上郡真室川町,0.19
yamagata,鶴岡市,0.18
yamagata,東置賜郡高畠町,0.17
yamagata,長井市,0.17
yamagata,西置賜郡白鷹町,0.17
yamagata,東田川郡庄内町,0.16
yamagata,尾花沢市,0.15
yamagata,北村山郡,0.15
yamagata,西置賜郡飯豊町,0.15
yamagata,最上郡舟形町,0.14
yamagata,最上郡大蔵村,0.13
yamagata,飽海郡,0.12
yamagata,最上郡最上町,0.11
yamagata,西村山郡大江町,0.07
yamagata,最上郡戸沢村,0.07
yamagata,西村山郡西川町,0.04
yamagata,西村山郡朝日町,0.02
fukushima,双葉郡大熊町,1.18
fukushima,双葉郡富岡町,1.17
fukushima,双葉郡楢葉町,0.86
fukushima,双葉郡浪江町,0.83
fukushima,相馬郡飯舘村,0.68
fukushima,岩瀬郡鏡石町,0.53
fukushima,西白河郡西郷村,0.49
fukushima,郡山市,0.43
fukushima,南相馬市,0.43
fukushima,いわき市,0.42
fukushima,須賀川市,0.42
fukushima,白河市,0.40
fukushima,大沼郡昭和村,0.40
fukushima,会津若松市,0.39
fukushima,本宮市,0.39
fukushima,西白河郡矢吹町,0.39
fukushima,双葉郡川内村,0.39
fukushima,福島市,0.38
fukushima,相馬市,0.38
fukushima,西白河郡泉崎村,0.37
fukushima,田村市,0.37
fukushima,東白川郡塙町,0.37
fukushima,双葉郡広野町,0.37
fukushima,相馬郡新地町,0.34
fukushima,伊達市,0.33
fukushima,南会津郡下郷町,0.32
fukushima,東白川郡棚倉町,0.30
fukushima,東白川郡鮫川村,0.30
fukushima,南会津郡只見町,0.30
fukushima,岩瀬郡天栄村,0.29
fukushima,河沼郡湯川村,0.29
fukushima,耶麻郡磐梯町,0.27
fukushima,河沼郡会津坂下町,0.27
fukushima,大沼郡会津美里町,0.26
fukushima,伊達郡国見町,0.25
fukushima,田村郡小野町,0.24
fukushima,南会津郡南会津町,0.24
fukushima,安達郡,0.24
fukushima,河沼郡柳津町,0.23
fukushima,石川郡玉川村,0.22
fukushima,伊達郡川俣町,0.22
fukushima,耶麻郡猪苗代町,0.22
fukushima,喜多方市,0.21
fukushima,大沼郡三島町,0.21
fukushima,田村郡三春町,0.20
fukushima,東白川郡矢祭町,0.20
fukushima,石川郡浅川町,0.18
fukushima,二本松市,0.18
fukushima,伊達郡桑折町,0.17
fukushima,耶麻郡北塩原村,0.16
fukushima,大沼郡金山町,0.16
fukushima,石川郡古殿町,0.15
fukushima,石川郡平田村,0.14
fukushima,耶麻郡西会津町,0.10
fukushima,石川郡石川町,0.07
fukushima,西白河郡中島村,0.04
ibaraki,猿島郡境町,0.88
ibaraki,常総市,0.79
ibaraki,坂東市,0.79
ibaraki,稲敷市,0.76
ibaraki,土浦市,0.74
ibaraki,猿島郡五霞町,0.74
ibaraki,筑西市,0.66
ibaraki,結城郡,0.66
ibaraki,結城市,0.65
ibaraki,龍ケ崎市,0.64
ibaraki,神栖市,0.64
ibaraki,つくば市,0.63
ibaraki,東茨城郡茨城町,0.63
ibaraki,鉾田市,0.63
ibaraki,稲敷郡美浦村,0.62
ibaraki,下妻市,0.62
ibaraki,高萩市,0.61
ibaraki,石岡市,0.60
ibaraki,桜川市,0.60
ibaraki,水戸市,0.59
ibaraki,鹿嶋市,0.59
ibaraki,古河市,0.58
ibaraki,小美玉市,0.57
ibaraki,稲敷郡阿見町,0.55
ibaraki,守谷市,0.52
ibaraki,行方市,0.52
ibaraki,潮来市,0.51
ibaraki,稲敷郡河内町,0.49
ibaraki,牛久市,0.48
ibaraki,笠間市,0.47
ibaraki,かすみがうら市,0.46
ibaraki,取手市,0.44
ibaraki,那珂市,0.44
ibaraki,常陸太田市,0.44
ibaraki,つくばみらい市,0.43
ibaraki,北茨城市,0.43
ibaraki,常陸大宮市,0.43
ibaraki,那珂郡,0.40
ibaraki,ひたちなか市,0.39
ibaraki,東茨城郡大洗町,0.38
ibaraki,東茨城郡城里町,0.34
ibaraki,北相馬郡,0.33
ibaraki,日立市,0.28
ibaraki,久慈郡,0.22
tochigi,小山市,0.71
tochigi,栃木市,0.54
tochigi,下都賀郡野木町,0.54
tochigi,真岡市,0.54
tochigi,下都賀郡壬生町,0.52
tochigi,芳賀郡茂木町,0.50
tochigi,那須郡那須町,0.49
tochigi,芳賀郡芳賀町,0.49
tochigi,佐野市,0.48
tochigi,河内郡,0.47
tochigi,宇都宮市,0.46
tochigi,那須郡那珂川町,0.43
tochigi,足利市,0.42
tochigi,那須塩原市,0.40
tochigi,下野市,0.40
tochigi,大田原市,0.39
tochigi,芳賀郡市貝町,0.36
tochigi,鹿沼市,0.33
tochigi,日光市,0.33
tochigi,さくら市,0.30
tochigi,那須烏山市,0.28
tochigi,芳賀郡益子町,0.25
tochigi,塩谷郡高根沢町,0.23
tochigi,矢板市,0.22
tochigi,塩谷郡塩谷町,0.17
gunma,邑楽郡大泉町,0.88
gunma,太田市,0.72
gunma,邑楽郡邑楽町,0.70
gunma,伊勢崎市,0.67
gunma,館林市,0.67
gunma,吾妻郡草津町,0.66
gunma,邑楽郡板倉町,0.66
gunma,邑楽郡明和町,0.62
gunma,邑楽郡千代田町,0.61
gunma,前橋市,0.52
gunma,藤岡市,0.52
gunma,高崎市,0.50
gunma,みどり市,0.50
gunma,桐生市,0.42
gunma,吾妻郡東吾妻町,0.42
gunma,吾妻郡長野原町,0.41
gunma,甘楽郡南牧村,0.37
gunma,利根郡昭和村,0.35
gunma,多野郡上野村,0.35
gunma,北群馬郡榛東村,0.34
gunma,渋川市,0.33
gunma,甘楽郡下仁田町,0.32
gunma,甘楽郡甘楽町,0.30
gunma,北群馬郡吉岡町,0.29
gunma,吾妻郡中之条町,0.28
gunma,安中市,0.28
gunma,吾妻郡嬬恋村,0.27
gunma,富岡市,0.27
gunma,佐波郡,0.27
gunma,沼田市,0.25
gunma,多野郡神流町,0.24
gunma,利根郡片品村,0.20
gunma,吾妻郡高山村,0.17
gunma,利根郡川場村,0.17
gunma,利根郡みなかみ町,0.16
saitama,入間郡越生町,1.06
saitama,さいたま市大宮区,1.03
saitama,八潮市,0.90
saitama,蕨市,0.81
saitama,草加市,0.76
saitama,越谷市,0.72
saitama,羽生市,0.72
saitama,戸田市,0.71
saitama,三郷市,0.70
saitama,富士見市,0.69
saitama,比企郡嵐山町,0.67
saitama,比企郡川島町,0.67
saitama,児玉郡上里町,0.67
saitama,幸手市,0.65
saitama,川口市,0.64
saitama,春日部市,0.64
saitama,比企郡滑川町,0.62
saitama,川越市,0.61
saitama,東松山市,0.61
saitama,さいたま市岩槻区,0.60
saitama,熊谷市,0.57
saitama,本庄市,0.57
saitama,行田市,0.56
saitama,南埼玉郡,0.56
saitama,入間市,0.55
saitama,さいたま市桜区,0.55
saitama,ふじみ野市,0.55
saitama,蓮田市,0.55
saitama,久喜市,0.54
saitama,深谷市,0.54
saitama,新座市,0.53
saitama,入間郡三芳町,0.53
saitama,狭山市,0.52
saitama,さいたま市西区,0.52
saitama,比企郡吉見町,0.52
saitama,加須市,0.52
saitama,北葛飾郡松伏町,0.52
saitama,さいたま市緑区,0.51
saitama,坂戸市,0.51
saitama,さいたま市南区,0.50
saitama,吉川市,0.50
saitama,鶴ヶ島市,0.50
saitama,上尾市,0.49
saitama,さいたま市中央区,0.49
saitama,北本市,0.49
saitama,所沢市,0.48
saitama,入間郡毛呂山町,0.48
saitama,児玉郡神川町,0.48
saitama,さいたま市浦和区,0.47
saitama,和光市,0.47
saitama,飯能市,0.47
saitama,朝霞市,0.46
saitama,さいたま市北区,0.46
saitama,比企郡小川町,0.46
saitama,比企郡ときがわ町,0.46
saitama,桶川市,0.44
saitama,日高市,0.44
saitama,志木市,0.43
saitama,北葛飾郡杉戸町,0.43
saitama,鴻巣市,0.40
saitama,大里郡,0.38
saitama,さいたま市見沼区,0.37
saitama,秩父市,0.37
saitama,北足立郡,0.36
saitama,白岡市,0.32
saitama,秩父郡東秩父村,0.26
saitama,児玉郡美里町,0.25
saitama,秩父郡皆野町,0.25
saitama,秩父郡長瀞町,0.25
saitama,秩父郡横瀬町,0.24
saitama,比企郡鳩山町,0.18
saitama,秩父郡小鹿野町,0.17
chiba,千葉市中央区,0.92
chiba,千葉市稲毛区,0.65
chiba,野田市,0.64
chiba,印旛郡酒々井町,0.62
chiba,山武郡芝山町,0.61
chiba,木更津市,0.60
chiba,旭市,0.60
chiba,夷隅郡御宿町,0.60
chiba,千葉市美浜区,0.59
chiba,八街市,0.59
chiba,成田市,0.58
chiba,印西市,0.57
chiba,香取郡神崎町,0.57
chiba,千葉市若葉区,0.56
chiba,市原市,0.55
chiba,富里市,0.55
chiba,長生郡長柄町,0.55
chiba,浦安市,0.54
chiba,習志野市,0.54
chiba,東金市,0.54
chiba,山武郡横芝光町,0.54
chiba,柏市,0.53
chiba,四街道市,0.53
chiba,白井市,0.53
chiba,山武市,0.53
chiba,松戸市,0.52
chiba,君津市,0.51
chiba,市川市,0.50
chiba,八千代市,0.50
chiba,香取市,0.50
chiba,匝瑳市,0.49
chiba,船橋市,0.48
chiba,鎌ケ谷市,0.47
chiba,千葉市花見川区,0.46
chiba,茂原市,0.46
chiba,長生郡白子町,0.46
chiba,銚子市,0.45
chiba,鴨川市,0.45
chiba,山武郡九十九里町,0.45
chiba,夷隅郡大多喜町,0.44
chiba,香取郡東庄町,0.43
chiba,富津市,0.41
chiba,長生郡睦沢町,0.41
chiba,いすみ市,0.41
chiba,流山市,0.40
chiba,佐倉市,0.40
chiba,我孫子市,0.39
chiba,長生郡長南町,0.39
chiba,印旛郡栄町,0.38
chiba,袖ケ浦市,0.38
chiba,館山市,0.38
chiba,勝浦市,0.38
chiba,千葉市緑区,0.32
chiba,香取郡多古町,0.31
chiba,長生郡一宮町,0.29
chiba,大網白里市,0.25
chiba,長生郡長生村,0.25
chiba,南房総市,0.17
chiba,安房郡,0.11
tokyo,千代田区,3.05
tokyo,中央区,1.53
tokyo,新宿区,1.38
tokyo,渋谷区,1.24
tokyo,台東区,1.19
tokyo,港区,1.01
tokyo,豊島区,1.00
tokyo,墨田区,0.72
tokyo,立川市,0.71
tokyo,武蔵野市,0.70
tokyo,中野区,0.55
tokyo,福生市,0.55
tokyo,江東区,0.54
tokyo,北区,0.54
tokyo,武蔵村山市,0.54
tokyo,西多摩郡瑞穂町,0.54
tokyo,足立区,0.53
tokyo,荒川区,0.53
tokyo,江戸川区,0.52
tokyo,清瀬市,0.52
tokyo,葛飾区,0.51
tokyo,羽村市,0.50
tokyo,大田区,0.49
tokyo,品川区,0.48
tokyo,東久留米市,0.48
tokyo,板橋区,0.47
tokyo,東村山市,0.47
tokyo,目黒区,0.46
tokyo,東大和市,0.46
tokyo,小金井市,0.44
tokyo,国立市,0.44
tokyo,八王子市,0.43
tokyo,調布市,0.43
tokyo,昭島市,0.43
tokyo,町田市,0.42
tokyo,府中市,0.42
tokyo,西多摩郡日の出町,0.42
tokyo,小平市,0.41
tokyo,西東京市,0.40
tokyo,西多摩郡檜原村,0.40
tokyo,世田谷区,0.39
tokyo,練馬区,0.39
tokyo,杉並区,0.38
tokyo,文京区,0.37
tokyo,国分寺市,0.36
tokyo,狛江市,0.36
tokyo,多摩市,0.35
tokyo,西多摩郡奥多摩町,0.34
tokyo,青梅市,0.33
tokyo,あきる野市,0.33
tokyo,三鷹市,0.31
tokyo,日野市,0.30
tokyo,稲城市,0.27
tokyo,八丈町八丈町,0.18
tokyo,大島町新島村,0.12
tokyo,大島町大島町,0.11
tokyo,大島町神津島村,0.05
tokyo,三宅村三宅村,0.04
tokyo,小笠原村,0.03
kanagawa,横浜市西区,1.06
kanagawa,横浜市中区,0.91
kanagawa,川崎市川崎区,0.83
kanagawa,足柄上郡山北町,0.68
kanagawa,海老名市,0.54
kanagawa,大和市,0.50
kanagawa,愛甲郡愛川町,0.50
kanagawa,相模原市緑区,0.49
kanagawa,平塚市,0.47
kanagawa,厚木市,0.47
kanagawa,足柄上郡大井町,0.47
kanagawa,相模原市中央区,0.45
kanagawa,足柄上郡中井町,0.45
kanagawa,藤沢市,0.42
kanagawa,相模原市南区,0.42
kanagawa,座間市,0.42
kanagawa,足柄上郡開成町,0.42
kanagawa,横浜市瀬谷区,0.40
kanagawa,横浜市港北区,0.39
kanagawa,川崎市幸区,0.39
kanagawa,横須賀市,0.38
kanagawa,茅ヶ崎市,0.38
kanagawa,伊勢原市,0.38
kanagawa,高座郡,0.37
kanagawa,横浜市緑区,0.36
kanagawa,横浜市南区,0.36
kanagawa,小田原市,0.36
kanagawa,足柄上郡松田町,0.36
kanagawa,横浜市港南区,0.35
kanagawa,川崎市中原区,0.34
kanagawa,横浜市神奈川区,0.34
kanagawa,横浜市保土ケ谷区,0.34
kanagawa,秦野市,0.34
kanagawa,横浜市金沢区,0.33
kanagawa,横浜市鶴見区,0.33
kanagawa,横浜市旭区,0.33
kanagawa,逗子市,0.33
kanagawa,足柄下郡箱根町,0.33
kanagawa,綾瀬市,0.33
kanagawa,愛甲郡清川村,0.33
kanagawa,横浜市戸塚区,0.32
kanagawa,川崎市高津区,0.32
kanagawa,三浦市,0.32
kanagawa,横浜市泉区,0.31
kanagawa,川崎市多摩区,0.30
kanagawa,横浜市都筑区,0.30
kanagawa,鎌倉市,0.29
kanagawa,横浜市磯子区,0.29
kanagawa,中郡大磯町,0.29
kanagawa,横浜市栄区,0.28
kanagawa,中郡二宮町,0.28
kanagawa,横浜市青葉区,0.27
kanagawa,南足柄市,0.25
kanagawa,川崎市宮前区,0.24
kanagawa,三浦郡,0.23
kanagawa,川崎市麻生区,0.20
kanagawa,足柄下郡湯河原町,0.19
kanagawa,足柄下郡真鶴町,0.15
niigata,南魚沼郡,0.90
niigata,新潟市中央区,0.69
niigata,南蒲原郡,0.43
niigata,新潟市東区,0.40
niigata,新潟市西区,0.37
niigata,新発田市,0.35
niigata,妙高市,0.35
niigata,佐渡市,0.33
niigata,三条市,0.32
niigata,糸魚川市,0.32
niigata,上越市,0.31
niigata,新潟市江南区,0.31
niigata,南魚沼市,0.31
niigata,新潟市秋葉区,0.30
niigata,新潟市北区,0.29
niigata,長岡市,0.28
niigata,柏崎市,0.28
niigata,燕市,0.28
niigata,東蒲原郡,0.28
niigata,十日町市,0.27
niigata,五泉市,0.26
niigata,西蒲原郡,0.26
niigata,加茂市,0.25
niigata,刈羽郡,0.25
niigata,村上市,0.24
niigata,新潟市西蒲区,0.24
niigata,阿賀野市,0.24
niigata,北蒲原郡,0.24
niigata,見附市,0.23
niigata,小千谷市,0.21
niigata,胎内市,0.20
niigata,新潟市南区,0.20
niigata,魚沼市,0.17
niigata,三島郡,0.17
niigata,岩船郡関川村,0.16
niigata,中魚沼郡,0.16
toyama,富山市,0.46
toyama,滑川市,0.41
toyama,氷見市,0.40
toyama,高岡市,0.37
toyama,射水市,0.36
toyama,砺波市,0.32
toyama,魚津市,0.32
toyama,小矢部市,0.29
toyama,黒部市,0.27
toyama,中新川郡立山町,0.27
toyama,中新川郡上市町,0.25
toyama,南砺市,0.21
toyama,下新川郡入善町,0.20
toyama,下新川郡朝日町,0.19
toyama,中新川郡舟橋村,0.16
ishikawa,能美郡,0.73
ishikawa,野々市市,0.72
ishikawa,金沢市,0.38
ishikawa,加賀市,0.38
ishikawa,白山市,0.34
ishikawa,羽咋市,0.33
ishikawa,小松市,0.30
ishikawa,かほく市,0.25
ishikawa,輪島市,0.25
ishikawa,河北郡津幡町,0.24
ishikawa,鳳珠郡穴水町,0.22
ishikawa,七尾市,0.19
ishikawa,珠洲市,0.19
ishikawa,河北郡内灘町,0.17
ishikawa,羽咋郡志賀町,0.17
ishikawa,鹿島郡,0.16
ishikawa,能美市,0.14
ishikawa,鳳珠郡能登町,0.10
ishikawa,羽咋郡宝達志水町,0.06
fukui,小浜市,0.56
fukui,越前市,0.48
fukui,福井市,0.40
fukui,敦賀市,0.34
fukui,三方上中郡,0.32
fukui,鯖江市,0.29
fukui,大飯郡高浜町,0.28
fukui,あわら市,0.27
fukui,大飯郡おおい町,0.27
fukui,南条郡,0.27
fukui,坂井市,0.23
fukui,三方郡,0.23
fukui,大野市,0.23
fukui,丹生郡,0.23
fukui,吉田郡,0.15
fukui,今立郡,0.12
fukui,勝山市,0.11
yamanashi,中巨摩郡,0.92
yamanashi,南都留郡山中湖村,0.73
yamanashi,甲府市,0.46
yamanashi,北都留郡小菅村,0.44
yamanashi,韮崎市,0.43
yamanashi,南巨摩郡富士川町,0.41
yamanashi,南都留郡道志村,0.37
yamanashi,南都留郡富士河口湖町,0.37
yamanashi,笛吹市,0.37
yamanashi,山梨市,0.36
yamanashi,甲斐市,0.32
yamanashi,富士吉田市,0.31
yamanashi,南アルプス市,0.29
yamanashi,甲州市,0.29
yamanashi,中央市,0.28
yamanashi,南巨摩郡身延町,0.27
yamanashi,上野原市,0.27
yamanashi,西八代郡,0.27
yamanashi,都留市,0.21
yamanashi,北都留郡丹波山村,0.19
yamanashi,南都留郡鳴沢村,0.18
yamanashi,南巨摩郡南部町,0.17
yamanashi,北杜市,0.16
yamanashi,大月市,0.16
yamanashi,南都留郡忍野村,0.14
yamanashi,南都留郡西桂町,0.12
nagano,南佐久郡南相木村,0.94
nagano,北佐久郡軽井沢町,0.70
nagano,下伊那郡根羽村,0.59
nagano,下高井郡山ノ内町,0.56
nagano,松本市,0.47
nagano,諏訪市,0.41
nagano,須坂市,0.41
nagano,埴科郡,0.38
nagano,大町市,0.37
nagano,長野市,0.36
nagano,下伊那郡阿智村,0.36
nagano,北安曇郡小谷村,0.34
nagano,小諸市,0.34
nagano,飯山市,0.34
nagano,上田市,0.33
nagano,北佐久郡立科町,0.33
nagano,佐久市,0.33
nagano,上伊那郡南箕輪村,0.33
nagano,塩尻市,0.32
nagano,諏訪郡下諏訪町,0.32
nagano,千曲市,0.31
nagano,安曇野市,0.30
nagano,北安曇郡白馬村,0.30
nagano,下伊那郡高森町,0.30
nagano,南佐久郡川上村,0.30
nagano,中野市,0.30
nagano,諏訪郡富士見町,0.29
nagano,東御市,0.28
nagano,木曽郡王滝村,0.28
nagano,南佐久郡佐久穂町,0.27
nagano,駒ヶ根市,0.26
nagano,下伊那郡平谷村,0.26
nagano,上高井郡小布施町,0.26
nagano,飯田市,0.24
nagano,伊那市,0.23
nagano,茅野市,0.23
nagano,北安曇郡松川村,0.23
nagano,北佐久郡御代田町,0.22
nagano,岡谷市,0.22
nagano,下伊那郡豊丘村,0.22
nagano,上伊那郡箕輪町,0.21
nagano,上伊那郡宮田村,0.21
nagano,下伊那郡松川町,0.21
nagano,南佐久郡小海町,0.21
nagano,上水内郡飯綱町,0.21
nagano,下伊那郡大鹿村,0.20
nagano,南佐久郡南牧村,0.19
nagano,下高井郡野沢温泉村,0.18
nagano,上伊那郡飯島町,0.17
nagano,東筑摩郡山形村,0.17
nagano,木曽郡大桑村,0.17
nagano,上伊那郡辰野町,0.16
nagano,東筑摩郡朝日村,0.16
nagano,北安曇郡池田町,0.15
nagano,下伊那郡喬木村,0.15
nagano,小県郡青木村,0.15
nagano,上水内郡信濃町,0.14
nagano,上伊那郡中川村,0.13
nagano,小県郡長和町,0.13
nagano,木曽郡南木曽町,0.13
nagano,諏訪郡原村,0.12
nagano,東筑摩郡麻績村,0.12
nagano,東筑摩郡生坂村,0.12
nagano,木曽郡木曽町,0.12
nagano,木曽郡上松町,0.10
nagano,上水内郡小川村,0.09
nagano,下伊那郡下條村,0.08
nagano,東筑摩郡筑北村,0.07
nagano,下伊那郡泰阜村,0.06
nagano,上高井郡高山村,0.06
nagano,下水内郡,0.06
nagano,下伊那郡阿南町,0.05
nagano,下高井郡木島平村,0.05
nagano,木曽郡木祖村,0.04
gifu,本巣郡,0.74
gifu,羽島郡岐南町,0.68
gifu,加茂郡坂祝町,0.68
gifu,羽島市,0.65
gifu,瑞穂市,0.64
gifu,岐阜市,0.60
gifu,羽島郡笠松町,0.59
gifu,可児郡,0.59
gifu,本巣市,0.58
gifu,加茂郡富加町,0.57
gifu,大垣市,0.56
gifu,美濃加茂市,0.55
gifu,海津市,0.55
gifu,各務原市,0.54
gifu,安八郡安八町,0.51
gifu,可児市,0.46
gifu,関市,0.45
gifu,多治見市,0.39
gifu,養老郡,0.39
gifu,美濃市,0.38
gifu,不破郡垂井町,0.37
gifu,高山市,0.36
gifu,瑞浪市,0.36
gifu,揖斐郡大野町,0.36
gifu,加茂郡八百津町,0.36
gifu,不破郡関ケ原町,0.35
gifu,中津川市,0.34
gifu,土岐市,0.33
gifu,安八郡輪之内町,0.33
gifu,恵那市,0.32
gifu,安八郡神戸町,0.32
gifu,加茂郡川辺町,0.28
gifu,加茂郡七宗町,0.26
gifu,大野郡,0.26
gifu,揖斐郡池田町,0.25
gifu,山県市,0.25
gifu,加茂郡白川町,0.24
gifu,下呂市,0.22
gifu,揖斐郡揖斐川町,0.21
gifu,郡上市,0.21
gifu,飛騨市,0.19
gifu,加茂郡東白川村,0.10
shizuoka,沼津市,0.59
shizuoka,田方郡,0.51
shizuoka,熱海市,0.49
shizuoka,静岡市葵区,0.48
shizuoka,御殿場市,0.48
shizuoka,三島市,0.46
shizuoka,湖西市,0.45
shizuoka,伊東市,0.45
shizuoka,磐田市,0.45
shizuoka,伊豆の国市,0.44
shizuoka,下田市,0.41
shizuoka,賀茂郡東伊豆町,0.41
shizuoka,静岡市駿河区,0.39
shizuoka,賀茂郡河津町,0.39
shizuoka,富士市,0.38
shizuoka,焼津市,0.38
shizuoka,駿東郡清水町,0.38
shizuoka,袋井市,0.37
shizuoka,賀茂郡西伊豆町,0.34
shizuoka,静岡市清水区,0.33
shizuoka,駿東郡長泉町,0.33
shizuoka,駿東郡小山町,0.33
shizuoka,牧之原市,0.32
shizuoka,藤枝市,0.30
shizuoka,富士宮市,0.30
shizuoka,賀茂郡松崎町,0.30
shizuoka,裾野市,0.29
shizuoka,伊豆市,0.27
shizuoka,掛川市,0.26
shizuoka,島田市,0.26
shizuoka,榛原郡川根本町,0.26
shizuoka,榛原郡吉田町,0.25
shizuoka,菊川市,0.24
shizuoka,賀茂郡南伊豆町,0.23
shizuoka,御前崎市,0.20
shizuoka,周智郡,0.17
aichi,名古屋市中区,2.82
aichi,名古屋市中村区,1.26
aichi,海部郡飛島村,1.05
aichi,名古屋市港区,0.90
aichi,名古屋市東区,0.79
aichi,名古屋市熱田区,0.76
aichi,西春日井郡,0.71
aichi,名古屋市千種区,0.65
aichi,名古屋市西区,0.65
aichi,名古屋市北区,0.63
aichi,名古屋市南区,0.58
aichi,名古屋市中川区,0.56
aichi,小牧市,0.55
aichi,あま市,0.55
aichi,知立市,0.53
aichi,海部郡大治町,0.53
aichi,稲沢市,0.52
aichi,清須市,0.52
aichi,海部郡蟹江町,0.52
aichi,高浜市,0.52
aichi,北名古屋市,0.51
aichi,岩倉市,0.51
aichi,弥富市,0.51
aichi,北設楽郡豊根村,0.49
aichi,西尾市,0.48
aichi,安城市,0.48
aichi,丹羽郡扶桑町,0.46
aichi,津島市,0.45
aichi,一宮市,0.44
aichi,名古屋市天白区,0.44
aichi,みよし市,0.44
aichi,東海市,0.44
aichi,名古屋市昭和区,0.43
aichi,刈谷市,0.42
aichi,常滑市,0.42
aichi,江南市,0.42
aichi,丹羽郡大口町,0.42
aichi,岡崎市,0.41
aichi,名古屋市緑区,0.41
aichi,豊橋市,0.41
aichi,名古屋市守山区,0.41
aichi,豊田市,0.40
aichi,春日井市,0.40
aichi,知多郡美浜町,0.40
aichi,尾張旭市,0.38
aichi,碧南市,0.38
aichi,豊川市,0.37
aichi,名古屋市瑞穂区,0.37
aichi,半田市,0.37
aichi,豊明市,0.37
aichi,額田郡,0.37
aichi,蒲郡市,0.37
aichi,愛西市,0.36
aichi,知多郡東浦町,0.35
aichi,知多郡武豊町,0.35
aichi,日進市,0.35
aichi,愛知郡,0.35
aichi,長久手市,0.34
aichi,犬山市,0.34
aichi,名古屋市名東区,0.33
aichi,北設楽郡設楽町,0.32
aichi,知多郡南知多町,0.31
aichi,瀬戸市,0.31
aichi,大府市,0.31
aichi,知多郡阿久比町,0.26
aichi,知多市,0.26
aichi,新城市,0.24
aichi,田原市,0.23
aichi,北設楽郡東栄町,0.20
mie,三重郡朝日町,0.70
mie,三重郡川越町,0.68
mie,四日市市,0.57
mie,鳥羽市,0.52
mie,鈴鹿市,0.51
mie,津市,0.44
mie,桑名市,0.44
mie,松阪市,0.41
mie,伊勢市,0.40
mie,桑名郡,0.40
mie,亀山市,0.36
mie,三重郡菰野町,0.35
mie,伊賀市,0.35
mie,志摩市,0.35
mie,尾鷲市,0.33
mie,員弁郡,0.32
mie,度会郡南伊勢町,0.32
mie,度会郡玉城町,0.31
mie,名張市,0.30
mie,いなべ市,0.30
mie,多気郡明和町,0.28
mie,熊野市,0.23
mie,多気郡多気町,0.22
mie,多気郡大台町,0.22
mie,北牟婁郡,0.22
mie,南牟婁郡御浜町,0.21
mie,度会郡大紀町,0.20
mie,南牟婁郡紀宝町,0.20
mie,度会郡度会町,0.15
shiga,犬上郡豊郷町,0.97
shiga,愛知郡,0.63
shiga,草津市,0.58
shiga,彦根市,0.54
shiga,長浜市,0.52
shiga,犬上郡多賀町,0.52
shiga,高島市,0.51
shiga,大津市,0.50
shiga,湖南市,0.46
shiga,米原市,0.46
shiga,蒲生郡竜王町,0.46
shiga,近江八幡市,0.45
shiga,野洲市,0.43
shiga,犬上郡甲良町,0.42
shiga,栗東市,0.41
shiga,甲賀市,0.40
shiga,東近江市,0.40
shiga,蒲生郡日野町,0.39
shiga,守山市,0.34
kyoto,京都市下京区,1.12
kyoto,久世郡,0.96
kyoto,京都市東山区,0.83
kyoto,京都市中京区,0.78
kyoto,京都市南区,0.72
kyoto,京都市伏見区,0.47
kyoto,京田辺市,0.47
kyoto,京都市左京区,0.43
kyoto,京都市上京区,0.43
kyoto,京都市山科区,0.40
kyoto,相楽郡和束町,0.40
kyoto,八幡市,0.38
kyoto,綾部市,0.36
kyoto,与謝郡伊根町,0.36
kyoto,綴喜郡井手町,0.35
kyoto,向日市,0.34
kyoto,南丹市,0.33
kyoto,福知山市,0.32
kyoto,舞鶴市,0.32
kyoto,京都市北区,0.31
kyoto,宇治市,0.30
kyoto,船井郡,0.30
kyoto,京都市右京区,0.29
kyoto,亀岡市,0.29
kyoto,宮津市,0.27
kyoto,綴喜郡宇治田原町,0.27
kyoto,城陽市,0.26
kyoto,相楽郡笠置町,0.26
kyoto,木津川市,0.25
kyoto,相楽郡精華町,0.23
kyoto,京都市西京区,0.22
kyoto,乙訓郡,0.21
kyoto,京丹後市,0.21
kyoto,長岡京市,0.20
kyoto,与謝郡与謝野町,0.19
kyoto,相楽郡南山城村,0.17
osaka,大阪市中央区,4.94
osaka,大阪市北区,2.87
osaka,大阪市浪速区,2.51
osaka,大阪市西成区,1.87
osaka,大阪市天王寺区,1.20
osaka,大阪市西区,1.18
osaka,門真市,1.04
osaka,大阪市阿倍野区,1.03
osaka,大阪市東成区,1.02
osaka,大阪市都島区,0.97
osaka,大阪市大正区,0.96
osaka,大阪市東住吉区,0.95
osaka,大阪市淀川区,0.94
osaka,大阪市生野区,0.93
osaka,大阪市東淀川区,0.89
osaka,大阪市福島区,0.89
osaka,大阪市此花区,0.89
osaka,大阪市住之江区,0.88
osaka,堺市堺区,0.86
osaka,大阪市平野区,0.86
osaka,大阪市住吉区,0.85
osaka,東大阪市,0.82
osaka,守口市,0.81
osaka,松原市,0.80
osaka,大阪市港区,0.80
osaka,大阪市旭区,0.78
osaka,大東市,0.78
osaka,泉大津市,0.78
osaka,四條畷市,0.78
osaka,八尾市,0.75
osaka,大阪市西淀川区,0.72
osaka,大阪市鶴見区,0.70
osaka,堺市西区,0.69
osaka,泉南郡田尻町,0.69
osaka,泉佐野市,0.68
osaka,摂津市,0.67
osaka,寝屋川市,0.64
osaka,高石市,0.64
osaka,堺市北区,0.63
osaka,泉北郡,0.61
osaka,大阪市城東区,0.60
osaka,岸和田市,0.59
osaka,和泉市,0.58
osaka,堺市中区,0.58
osaka,泉南市,0.58
osaka,茨木市,0.55
osaka,堺市美原区,0.55
osaka,池田市,0.53
osaka,堺市南区,0.52
osaka,貝塚市,0.52
osaka,柏原市,0.49
osaka,阪南市,0.48
osaka,高槻市,0.46
osaka,富田林市,0.45
osaka,泉南郡熊取町,0.45
osaka,豊中市,0.43
osaka,藤井寺市,0.43
osaka,吹田市,0.42
osaka,堺市東区,0.42
osaka,南河内郡太子町,0.42
osaka,箕面市,0.40
osaka,羽曳野市,0.40
osaka,泉南郡岬町,0.40
osaka,大阪狭山市,0.40
osaka,枚方市,0.37
osaka,河内長野市,0.32
osaka,交野市,0.32
osaka,南河内郡河南町,0.31
osaka,三島郡,0.29
osaka,豊能郡能勢町,0.20
osaka,豊能郡豊能町,0.19
osaka,南河内郡千早赤阪村,0.18
hyogo,神戸市中央区,1.90
hyogo,神戸市兵庫区,1.28
hyogo,神戸市長田区,1.05
hyogo,尼崎市,0.95
hyogo,姫路市,0.71
hyogo,伊丹市,0.69
hyogo,加古川市,0.65
hyogo,赤穂市,0.60
hyogo,明石市,0.57
hyogo,神戸市西区,0.55
hyogo,淡路市,0.54
hyogo,西宮市,0.53
hyogo,高砂市,0.53
hyogo,加古郡播磨町,0.52
hyogo,神戸市灘区,0.51
hyogo,芦屋市,0.50
hyogo,加古郡稲美町,0.49
hyogo,揖保郡,0.49
hyogo,神戸市須磨区,0.48
hyogo,洲本市,0.48
hyogo,小野市,0.48
hyogo,神戸市東灘区,0.46
hyogo,たつの市,0.45
hyogo,三木市,0.44
hyogo,神崎郡神河町,0.42
hyogo,川西市,0.41
hyogo,神戸市垂水区,0.40
hyogo,加東市,0.40
hyogo,加西市,0.40
hyogo,神戸市北区,0.38
hyogo,神崎郡福崎町,0.38
hyogo,三田市,0.37
hyogo,朝来市,0.37
hyogo,宝塚市,0.36
hyogo,赤穂郡,0.35
hyogo,神崎郡市川町,0.34
hyogo,西脇市,0.34
hyogo,豊岡市,0.33
hyogo,南あわじ市,0.32
hyogo,宍粟市,0.31
hyogo,相生市,0.30
hyogo,丹波市,0.29
hyogo,川辺郡,0.28
hyogo,養父市,0.28
hyogo,美方郡香美町,0.24
hyogo,美方郡新温泉町,0.23
hyogo,丹波篠山市,0.22
hyogo,多可郡,0.22
hyogo,佐用郡,0.20
nara,吉野郡天川村,0.85
nara,天理市,0.63
nara,吉野郡東吉野村,0.60
nara,大和郡山市,0.51
nara,磯城郡田原本町,0.51
nara,磯城郡三宅町,0.50
nara,橿原市,0.48
nara,御所市,0.46
nara,奈良市,0.43
nara,山辺郡,0.43
nara,大和高田市,0.39
nara,桜井市,0.39
nara,北葛城郡上牧町,0.38
nara,葛城市,0.38
nara,北葛城郡王寺町,0.37
nara,吉野郡大淀町,0.37
nara,生駒郡平群町,0.36
nara,吉野郡川上村,0.35
nara,宇陀郡御杖村,0.34
nara,吉野郡黒滝村,0.32
nara,香芝市,0.31
nara,高市郡明日香村,0.31
nara,吉野郡十津川村,0.29
nara,五條市,0.27
nara,生駒市,0.26
nara,生駒郡安堵町,0.26
nara,吉野郡吉野町,0.26
nara,生駒郡三郷町,0.25
nara,宇陀市,0.25
nara,磯城郡川西町,0.24
nara,生駒郡斑鳩町,0.23
nara,北葛城郡河合町,0.23
nara,宇陀郡曽爾村,0.23
nara,吉野郡下市町,0.22
nara,北葛城郡広陵町,0.20
nara,高市郡高取町,0.16
nara,吉野郡下北山村,0.13
wakayama,日高郡印南町,0.51
wakayama,和歌山市,0.48
wakayama,岩出市,0.44
wakayama,日高郡美浜町,0.39
wakayama,伊都郡かつらぎ町,0.39
wakayama,御坊市,0.38
wakayama,紀の川市,0.35
wakayama,伊都郡九度山町,0.34
wakayama,伊都郡高野町,0.34
wakayama,西牟婁郡白浜町,0.29
wakayama,新宮市,0.28
wakayama,田辺市,0.26
wakayama,東牟婁郡北山村,0.25
wakayama,有田郡湯浅町,0.25
wakayama,東牟婁郡串本町,0.23
wakayama,橋本市,0.23
wakayama,有田郡有田川町,0.23
wakayama,海南市,0.22
wakayama,有田市,0.21
wakayama,海草郡,0.19
wakayama,東牟婁郡那智勝浦町,0.18
wakayama,日高郡みなべ町,0.18
wakayama,東牟婁郡古座川町,0.16
wakayama,西牟婁郡上富田町,0.15
wakayama,日高郡由良町,0.15
wakayama,日高郡日高川町,0.15
wakayama,西牟婁郡すさみ町,0.14
wakayama,有田郡広川町,0.13
wakayama,日高郡日高町,0.09
wakayama,東牟婁郡太地町,0.04
tottori,西伯郡日吉津村,1.06
tottori,境港市,0.44
tottori,倉吉市,0.42
tottori,米子市,0.41
tottori,鳥取市,0.39
tottori,日野郡日野町,0.28
tottori,東伯郡湯梨浜町,0.27
tottori,岩美郡,0.27
tottori,東伯郡琴浦町,0.26
tottori,西伯郡伯耆町,0.26
tottori,八頭郡智頭町,0.26
tottori,八頭郡若桜町,0.21
tottori,八頭郡八頭町,0.20
tottori,西伯郡大山町,0.18
tottori,東伯郡北栄町,0.15
tottori,東伯郡三朝町,0.12
tottori,西伯郡南部町,0.09
tottori,日野郡日南町,0.07
shimane,出雲市,0.34
shimane,隠岐郡知夫村,0.32
shimane,松江市,0.31
shimane,飯石郡,0.28
shimane,安来市,0.26
shimane,江津市,0.24
shimane,大田市,0.24
shimane,浜田市,0.22
shimane,益田市,0.22
shimane,鹿足郡津和野町,0.22
shimane,鹿足郡吉賀町,0.16
shimane,雲南市,0.13
shimane,仁多郡,0.12
shimane,隠岐郡隠岐の島町,0.12
shimane,邑智郡川本町,0.12
shimane,邑智郡邑南町,0.09
shimane,邑智郡美郷町,0.07
shimane,隠岐郡海士町,0.04
shimane,隠岐郡西ノ島町,0.04
okayama,岡山市北区,0.68
okayama,都窪郡,0.50
okayama,倉敷市,0.49
okayama,岡山市南区,0.49
okayama,岡山市中区,0.36
okayama,備前市,0.35
okayama,津山市,0.34
okayama,瀬戸内市,0.33
okayama,美作市,0.32
okayama,井原市,0.31
okayama,玉野市,0.30
okayama,総社市,0.29
okayama,岡山市東区,0.29
okayama,笠岡市,0.28
okayama,和気郡,0.26
okayama,加賀郡,0.25
okayama,浅口郡,0.23
okayama,真庭市,0.22
okayama,小田郡,0.22
okayama,久米郡久米南町,0.22
okayama,高梁市,0.20
okayama,浅口市,0.19
okayama,新見市,0.19
okayama,勝田郡勝央町,0.19
okayama,赤磐市,0.17
okayama,苫田郡,0.14
okayama,英田郡,0.14
okayama,真庭郡,0.12
okayama,勝田郡奈義町,0.11
okayama,久米郡美咲町,0.08
hiroshima,広島市中区,1.29
hiroshima,広島市南区,0.64
hiroshima,安芸郡府中町,0.52
hiroshima,世羅郡,0.51
hiroshima,安芸郡海田町,0.47
hiroshima,広島市東区,0.46
hiroshima,福山市,0.45
hiroshima,東広島市,0.41
hiroshima,広島市西区,0.41
hiroshima,呉市,0.41
hiroshima,三原市,0.41
hiroshima,安芸郡坂町,0.37
hiroshima,竹原市,0.36
hiroshima,尾道市,0.34
hiroshima,広島市安佐南区,0.33
hiroshima,広島市佐伯区,0.31
hiroshima,三次市,0.31
hiroshima,江田島市,0.31
hiroshima,大竹市,0.30
hiroshima,山県郡安芸太田町,0.30
hiroshima,山県郡北広島町,0.29
hiroshima,廿日市市,0.27
hiroshima,安芸郡熊野町,0.26
hiroshima,広島市安佐北区,0.25
hiroshima,府中市,0.25
hiroshima,広島市安芸区,0.24
hiroshima,安芸高田市,0.22
hiroshima,庄原市,0.19
hiroshima,神石郡,0.19
hiroshima,豊田郡,0.18
yamaguchi,宇部市,0.41
yamaguchi,柳井市,0.38
yamaguchi,萩市,0.32
yamaguchi,下関市,0.31
yamaguchi,周南市,0.31
yamaguchi,岩国市,0.28
yamaguchi,下松市,0.28
yamaguchi,山陽小野田市,0.27
yamaguchi,熊毛郡平生町,0.24
yamaguchi,大島郡,0.24
yamaguchi,山口市,0.23
yamaguchi,防府市,0.22
yamaguchi,玖珂郡,0.22
yamaguchi,光市,0.21
yamaguchi,長門市,0.18
yamaguchi,熊毛郡田布施町,0.17
yamaguchi,美祢市,0.14
yamaguchi,阿武郡,0.10
yamaguchi,熊毛郡上関町,0.04
tokushima,海部郡海陽町,0.49
tokushima,徳島市,0.43
tokushima,板野郡松茂町,0.40
tokushima,板野郡藍住町,0.37
tokushima,小松島市,0.35
tokushima,板野郡板野町,0.32
tokushima,鳴門市,0.29
tokushima,板野郡北島町,0.29
tokushima,吉野川市,0.26
tokushima,阿南市,0.26
tokushima,名西郡石井町,0.23
tokushima,板野郡上板町,0.18
tokushima,海部郡美波町,0.18
tokushima,美馬市,0.17
tokushima,名西郡神山町,0.15
tokushima,阿波市,0.14
tokushima,三好郡,0.14
tokushima,勝浦郡上勝町,0.14
tokushima,美馬郡,0.12
tokushima,三好市,0.12
tokushima,勝浦郡勝浦町,0.10
tokushima,海部郡牟岐町,0.08
tokushima,那賀郡,0.05
tokushima,名東郡,0.05
kagawa,綾歌郡宇多津町,0.65
kagawa,高松市,0.49
kagawa,善通寺市,0.49
kagawa,坂出市,0.40
kagawa,丸亀市,0.38
kagawa,東かがわ市,0.32
kagawa,仲多度郡多度津町,0.31
kagawa,仲多度郡まんのう町,0.31
kagawa,綾歌郡綾川町,0.27
kagawa,三豊市,0.27
kagawa,観音寺市,0.25
kagawa,木田郡,0.25
kagawa,仲多度郡琴平町,0.25
kagawa,さぬき市,0.23
kagawa,小豆郡小豆島町,0.22
kagawa,小豆郡土庄町,0.19
kagawa,香川郡,0.10
ehime,伊予郡松前町,0.67
ehime,松山市,0.60
ehime,喜多郡,0.55
ehime,新居浜市,0.45
ehime,今治市,0.44
ehime,西条市,0.44
ehime,東温市,0.43
ehime,伊予市,0.42
ehime,大洲市,0.40
ehime,八幡浜市,0.39
ehime,四国中央市,0.38
ehime,西予市,0.37
ehime,南宇和郡,0.33
ehime,宇和島市,0.32
ehime,北宇和郡鬼北町,0.28
ehime,北宇和郡松野町,0.27
ehime,伊予郡砥部町,0.25
ehime,越智郡,0.18
ehime,上浮穴郡,0.15
ehime,西宇和郡,0.08
kochi,安芸郡田野町,0.60
kochi,高知市,0.54
kochi,安芸郡芸西村,0.54
kochi,安芸郡東洋町,0.46
kochi,安芸郡安田町,0.38
kochi,安芸市,0.37
kochi,香南市,0.36
kochi,土佐市,0.31
kochi,土佐清水市,0.30
kochi,南国市,0.29
kochi,四万十市,0.27
kochi,須崎市,0.25
kochi,長岡郡大豊町,0.25
kochi,土佐郡土佐町,0.24
kochi,吾川郡いの町,0.23
kochi,香美市,0.22
kochi,室戸市,0.22
kochi,幡多郡三原村,0.21
kochi,長岡郡本山町,0.21
kochi,宿毛市,0.20
kochi,高岡郡佐川町,0.19
kochi,高岡郡四万十町,0.18
kochi,高岡郡越知町,0.17
kochi,幡多郡黒潮町,0.14
kochi,安芸郡奈半利町,0.13
kochi,高岡郡日高村,0.12
kochi,吾川郡仁淀川町,0.12
kochi,幡多郡大月町,0.11
kochi,安芸郡北川村,0.09
kochi,高岡郡中土佐町,0.08
kochi,高岡郡津野町,0.04
kochi,高岡郡梼原町,0.03
fukuoka,福岡市中央区,1.18
fukuoka,福岡市博多区,1.03
fukuoka,北九州市小倉北区,0.99
fukuoka,糟屋郡久山町,0.75
fukuoka,直方市,0.74
fukuoka,糟屋郡粕屋町,0.72
fukuoka,福岡市東区,0.70
fukuoka,田川市,0.69
fukuoka,糟屋郡新宮町,0.68
fukuoka,京都郡苅田町,0.68
fukuoka,北九州市戸畑区,0.67
fukuoka,田川郡糸田町,0.64
fukuoka,田川郡川崎町,0.64
fukuoka,中間市,0.64
fukuoka,遠賀郡芦屋町,0.60
fukuoka,鞍手郡鞍手町,0.59
fukuoka,福岡市城南区,0.58
fukuoka,遠賀郡水巻町,0.58
fukuoka,田川郡香春町,0.55
fukuoka,筑紫野市,0.54
fukuoka,飯塚市,0.53
fukuoka,遠賀郡遠賀町,0.53
fukuoka,築上郡築上町,0.52
fukuoka,福岡市早良区,0.51
fukuoka,北九州市八幡西区,0.50
fukuoka,大牟田市,0.50
fukuoka,福岡市西区,0.49
fukuoka,北九州市八幡東区,0.49
fukuoka,田川郡福智町,0.49
fukuoka,鞍手郡小竹町,0.49
fukuoka,福岡市南区,0.48
fukuoka,北九州市小倉南区,0.48
fukuoka,久留米市,0.47
fukuoka,大野城市,0.47
fukuoka,朝倉市,0.47
fukuoka,那珂川市,0.47
fukuoka,豊前市,0.46
fukuoka,宮若市,0.46
fukuoka,春日市,0.42
fukuoka,太宰府市,0.41
fukuoka,福津市,0.41
fukuoka,古賀市,0.41
fukuoka,北九州市若松区,0.41
fukuoka,嘉麻市,0.41
fukuoka,糸島市,0.40
fukuoka,行橋市,0.40
fukuoka,北九州市門司区,0.39
fukuoka,八女市,0.39
fukuoka,糟屋郡須恵町,0.37
fukuoka,筑後市,0.37
fukuoka,大川市,0.37
fukuoka,うきは市,0.37
fukuoka,田川郡大任町,0.36
fukuoka,糟屋郡志免町,0.35
fukuoka,みやま市,0.35
fukuoka,朝倉郡筑前町,0.34
fukuoka,小郡市,0.33
fukuoka,嘉穂郡,0.33
fukuoka,宗像市,0.32
fukuoka,築上郡吉富町,0.32
fukuoka,遠賀郡岡垣町,0.31
fukuoka,八女郡,0.31
fukuoka,築上郡上毛町,0.30
fukuoka,糟屋郡篠栗町,0.29
fukuoka,田川郡赤村,0.29
fukuoka,柳川市,0.28
fukuoka,田川郡添田町,0.27
fukuoka,三井郡,0.27
fukuoka,糟屋郡宇美町,0.25
fukuoka,京都郡みやこ町,0.24
fukuoka,三潴郡,0.24
fukuoka,朝倉郡東峰村,0.21
saga,鳥栖市,0.47
saga,三養基郡みやき町,0.46
saga,佐賀市,0.41
saga,唐津市,0.40
saga,杵島郡江北町,0.40
saga,三養基郡基山町,0.34
saga,神埼郡,0.32
saga,武雄市,0.32
saga,三養基郡上峰町,0.30
saga,神埼市,0.29
saga,鹿島市,0.27
saga,杵島郡大町町,0.27
saga,伊万里市,0.26
saga,小城市,0.25
saga,杵島郡白石町,0.24
saga,嬉野市,0.21
saga,東松浦郡,0.20
saga,西松浦郡,0.18
saga,多久市,0.15
saga,藤津郡,0.11
nagasaki,北松浦郡小値賀町,0.35
nagasaki,北松浦郡佐々町,0.33
nagasaki,西彼杵郡時津町,0.31
nagasaki,佐世保市,0.30
nagasaki,松浦市,0.30
nagasaki,大村市,0.28
nagasaki,諫早市,0.27
nagasaki,西海市,0.25
nagasaki,長崎市,0.24
nagasaki,雲仙市,0.23
nagasaki,東彼杵郡川棚町,0.22
nagasaki,東彼杵郡東彼杵町,0.21
nagasaki,島原市,0.19
nagasaki,対馬市,0.19
nagasaki,東彼杵郡波佐見町,0.16
nagasaki,壱岐市,0.16
nagasaki,五島市,0.16
nagasaki,西彼杵郡長与町,0.14
nagasaki,平戸市,0.14
nagasaki,南島原市,0.14
nagasaki,南松浦郡,0.13
kumamoto,菊池郡菊陽町,0.34
kumamoto,上益城郡嘉島町,0.32
kumamoto,熊本市中央区,0.30
kumamoto,熊本市西区,0.17
kumamoto,熊本市東区,0.16
kumamoto,八代市,0.15
kumamoto,宇土市,0.13
kumamoto,八代郡,0.13
kumamoto,熊本市南区,0.11
kumamoto,熊本市北区,0.11
kumamoto,菊池郡大津町,0.11
kumamoto,宇城市,0.11
kumamoto,荒尾市,0.10
kumamoto,玉名市,0.10
kumamoto,合志市,0.09
kumamoto,上益城郡御船町,0.09
kumamoto,人吉市,0.09
kumamoto,玉名郡南関町,0.09
kumamoto,天草郡,0.07
kumamoto,菊池市,0.07
kumamoto,阿蘇市,0.07
kumamoto,玉名郡長洲町,0.07
kumamoto,山鹿市,0.06
kumamoto,下益城郡,0.06
kumamoto,水俣市,0.06
kumamoto,上益城郡甲佐町,0.05
kumamoto,阿蘇郡小国町,0.05
kumamoto,上天草市,0.05
kumamoto,上益城郡益城町,0.04
kumamoto,玉名郡玉東町,0.04
kumamoto,玉名郡和水町,0.04
kumamoto,葦北郡芦北町,0.04
kumamoto,上益城郡山都町,0.03
kumamoto,球磨郡錦町,0.03
kumamoto,球磨郡多良木町,0.03
kumamoto,球磨郡湯前町,0.03
kumamoto,球磨郡山江村,0.03
kumamoto,阿蘇郡南小国町,0.03
kumamoto,阿蘇郡高森町,0.03
kumamoto,天草市,0.02
kumamoto,球磨郡あさぎり町,0.02
kumamoto,阿蘇郡南阿蘇村,0.01
oita,別府市,0.33
oita,中津市,0.32
oita,由布市,0.28
oita,大分市,0.26
oita,宇佐市,0.25
oita,竹田市,0.23
oita,佐伯市,0.22
oita,豊後高田市,0.22
oita,日田市,0.21
oita,玖珠郡九重町,0.20
oita,豊後大野市,0.19
oita,玖珠郡玖珠町,0.18
oita,杵築市,0.14
oita,臼杵市,0.13
oita,国東市,0.12
oita,津久見市,0.12
oita,速見郡,0.07
miyazaki,宮崎市,0.50
miyazaki,日向市,0.32
miyazaki,延岡市,0.30
miyazaki,都城市,0.28
miyazaki,東臼杵郡門川町,0.28
miyazaki,児湯郡高鍋町,0.27
miyazaki,日南市,0.24
miyazaki,児湯郡都農町,0.23
miyazaki,児湯郡新富町,0.20
miyazaki,北諸県郡,0.20
miyazaki,串間市,0.20
miyazaki,えびの市,0.19
miyazaki,小林市,0.19
miyazaki,児湯郡川南町,0.18
miyazaki,東諸県郡国富町,0.16
miyazaki,東諸県郡綾町,0.16
miyazaki,児湯郡木城町,0.14
miyazaki,西都市,0.13
miyazaki,西諸県郡,0.12
miyazaki,西臼杵郡日之影町,0.11
miyazaki,児湯郡西米良村,0.10
miyazaki,西臼杵郡高千穂町,0.09
miyazaki,西臼杵郡五ヶ瀬町,0.03
miyazaki,東臼杵郡美郷町,0.02
kagoshima,阿久根市,0.58
kagoshima,鹿児島市,0.42
kagoshima,大島郡徳之島町,0.34
kagoshima,大島郡瀬戸内町,0.32
kagoshima,鹿屋市,0.31
kagoshima,姶良市,0.31
kagoshima,霧島市,0.30
kagoshima,大島郡和泊町,0.30
kagoshima,出水市,0.28
kagoshima,大島郡龍郷町,0.28
kagoshima,大島郡知名町,0.28
kagoshima,南九州市,0.27
kagoshima,肝属郡肝付町,0.27
kagoshima,奄美市,0.25
kagoshima,大島郡天城町,0.25
kagoshima,枕崎市,0.25
kagoshima,姶良郡,0.25
kagoshima,熊毛郡中種子町,0.24
kagoshima,熊毛郡南種子町,0.24
kagoshima,熊毛郡屋久島町,0.24
kagoshima,薩摩川内市,0.24
kagoshima,指宿市,0.24
kagoshima,志布志市,0.24
kagoshima,大島郡喜界町,0.21
kagoshima,垂水市,0.21
kagoshima,薩摩郡,0.21
kagoshima,出水郡,0.21
kagoshima,日置市,0.20
kagoshima,大島郡宇検村,0.19
kagoshima,曽於市,0.19
kagoshima,いちき串木野市,0.19
kagoshima,南さつま市,0.17
kagoshima,西之表市,0.17
kagoshima,大島郡与論町,0.16
kagoshima,伊佐市,0.16
kagoshima,大島郡伊仙町,0.15
kagoshima,肝属郡南大隅町,0.15
kagoshima,肝属郡錦江町,0.14
kagoshima,曽於郡,0.13
kagoshima,肝属郡東串良町,0.11
okinawa,中頭郡北谷町,0.70
okinawa,石垣市,0.57
okinawa,島尻郡与那原町,0.54
okinawa,宮古島市,0.49
okinawa,那覇市,0.48
okinawa,中頭郡北中城村,0.46
okinawa,島尻郡南風原町,0.45
okinawa,糸満市,0.43
okinawa,名護市,0.41
okinawa,沖縄市,0.41
okinawa,浦添市,0.39
okinawa,島尻郡座間味村,0.34
okinawa,宜野湾市,0.33
okinawa,中頭郡西原町,0.32
okinawa,中頭郡読谷村,0.29
okinawa,島尻郡粟国村,0.29
okinawa,国頭郡恩納村,0.29
okinawa,中頭郡嘉手納町,0.28
okinawa,うるま市,0.28
okinawa,国頭郡本部町,0.28
okinawa,島尻郡八重瀬町,0.27
okinawa,南城市,0.27
okinawa,国頭郡今帰仁村,0.25
okinawa,豊見城市,0.24
okinawa,国頭郡伊江村,0.24
okinawa,中頭郡中城村,0.23
okinawa,島尻郡南大東村,0.23
okinawa,島尻郡久米島町,0.22
okinawa,国頭郡金武町,0.22
okinawa,国頭郡宜野座村,0.21
okinawa,国頭郡国頭村,0.20
okinawa,八重山郡竹富町,0.20
okinawa,国頭郡大宜味村,0.19
okinawa,国頭郡東村,0.19
okinawa,八重山郡与那国町,0.12
okinawa,宮古郡,0.09
